{
  "experiment": "exp14_matched_pairs_probe",
  "timestamp": "2026-05-19T11:47:29.132472",
  "model": "Qwen/Qwen2-VL-2B-Instruct",
  "n_pairs": 100,
  "n_inferences": 200,
  "fixed_question": "Is object A above object B?",
  "probe_token": "image-mean",
  "image_pad_token_id": 151655,
  "layer_probe_accs": {
    "0": 0.8399999999999999,
    "1": 0.85,
    "2": 0.845,
    "3": 0.835,
    "4": 0.85,
    "5": 0.835,
    "6": 0.8400000000000001,
    "7": 0.845,
    "8": 0.845,
    "9": 0.8350000000000002,
    "10": 0.86,
    "11": 0.865,
    "12": 0.8700000000000001,
    "13": 0.85,
    "14": 0.85,
    "15": 0.8549999999999999,
    "16": 0.85,
    "17": 0.8550000000000001,
    "18": 0.8550000000000001,
    "19": 0.8400000000000001,
    "20": 0.845,
    "21": 0.82,
    "22": 0.8099999999999999,
    "23": 0.8100000000000002,
    "24": 0.795,
    "25": 0.8,
    "26": 0.8,
    "27": 0.805
  },
  "best_layer": 12,
  "synthetic_peak_layer": 21
}