{
  "experiment": "exp1b_activation_stats",
  "timestamp": "2026-05-18T00:14:50.887508",
  "model": "Qwen/Qwen2-VL-2B-Instruct",
  "n_samples": 10,
  "layer_indices": [
    0,
    7,
    14,
    21,
    27
  ],
  "analysis": {
    "0": {
      "cosine_similarity": 0.9984171335731581,
      "l2_distance": 0.4347921907901764,
      "spatial_norm": 7.730895519256592,
      "nonspatial_norm": 7.714826583862305,
      "probe_accuracy": 1.0
    },
    "7": {
      "cosine_similarity": 0.9684012946901118,
      "l2_distance": 6.191674709320068,
      "spatial_norm": 24.7721004486084,
      "nonspatial_norm": 23.579313278198242,
      "probe_accuracy": 1.0
    },
    "14": {
      "cosine_similarity": 0.9516196937914129,
      "l2_distance": 9.03775405883789,
      "spatial_norm": 29.38852882385254,
      "nonspatial_norm": 28.329744338989258,
      "probe_accuracy": 1.0
    },
    "21": {
      "cosine_similarity": 0.8657197818036398,
      "l2_distance": 39.14543533325195,
      "spatial_norm": 73.6906509399414,
      "nonspatial_norm": 76.90703582763672,
      "probe_accuracy": 1.0
    },
    "27": {
      "cosine_similarity": 0.7385680970874334,
      "l2_distance": 95.76201629638672,
      "spatial_norm": 129.6746063232422,
      "nonspatial_norm": 134.8558807373047,
      "probe_accuracy": 1.0
    }
  },
  "best_layer": 0,
  "best_accuracy": 1.0
}